Temperature_K,Experimental,Grace_2L_small,Grace_2L_medium,MACE_small,MACE_medium
280,0.99987,1.0217925374625374,0.9914260939060938,1.1361205794205793,1.0906754845154847
290,0.99877,1.0150427272727274,0.9945836463536464,1.1248854445554446,1.0827175224775225
300,0.99657,1.0115056943056944,0.9925984515484515,1.1134472827172828,1.0727592007992008
310,0.99342,1.0059848251748251,0.9903492107892108,1.1028756043956043,1.0631667332667334
320,0.98945,1.0002405294705294,0.9852794005994006,1.0902748451548452,1.0565876823176823
330,0.98479,0.9944195804195805,0.9830864935064936,1.0808763436563436,1.047768941058941
